# Non-vacuity registry (roadmap item 418, step 8).
#
# One row per theorem registered in CheckAxioms.lean, naming the concrete
# evidence that the theorem's hypotheses can all hold at once. Checked by
# scripts/nonvacuity_gate.py, which also requires CheckAxioms.lean and
# run_gate.sh to register the same set.
#
# Fields, tab separated:
#   theorem  kind  witnesses  note
#
# kind:
#   instance    the hypotheses are jointly satisfiable and the witnesses
#               exhibit a concrete instance satisfying them
#   necessity   the theorem REFUSES, so joint satisfiability is what it
#               denies; the witnesses show each hypothesis satisfiable on
#               its own and the refusal not universal
#   contentless the theorem is true by definition rather than by any
#               property of its subject. A FINDING, kept visible; the
#               witnesses record what it is worth and where the
#               load-bearing statement lives
#   concrete    the theorem is itself a computation on concrete data, so it
#               has no hypotheses to satisfy. Only accepted when another
#               row cites it as a witness
RevL.G1.declared_only_access	instance	RevL.G1.g1_not_vacuous	a two-statement component admitted under exactly its declared requires, with a non-empty reach surface, beside the same body under a manifest that is neither admitted nor confined
RevL.G2.linkOK_provision_disjoint	instance	RevL.G2.realm_separation_admitted,RevL.G2.same_realm_conflict_refused	LinkOK holds of the two-realm tenants composition, and drops when the realms do
RevL.G2.linkOK_requires_closed	instance	RevL.G2.realm_separation_admitted	the same admitted composition supplies the LinkOK hypothesis
RevL.G2.realm_separation_admitted	concrete	-	computes LinkOK and ProvidesDisjoint on the shape of examples/tenants.rvl
RevL.G2.same_realm_conflict_refused	concrete	-	the same two providers without their isolate clauses, refused
RevL.G3.depPath_rank_lt	instance	RevL.G3.g3_not_vacuous	a layering and a dependency path hold together on the admitted composition, and the rank really drops across the edge
RevL.G3.no_dependency_cycles	necessity	RevL.G3.g3_not_vacuous,RevL.G3.layering_exists_for_admitted	the conclusion is False, so joint satisfiability is what it denies: the layering is establishable, a self-path is representable, only their conjunction is refused
RevL.G3.linkOK_layeredBy_rankOf	instance	RevL.G3.g3_not_vacuous	LinkOK is derivable for a composition with a real dependency edge
RevL.G3.linkOK_layered	instance	RevL.G3.g3_not_vacuous	the same LinkOK instance
RevL.G3.linkOK_no_cycles	necessity	RevL.G3.g3_not_vacuous,RevL.G3.mutual_cycle_refused,RevL.G3.self_provision_refused	LinkOK is inhabited, the cyclic composition carries a genuine self-path, and no ordering of it links
RevL.G3.self_provision_refused	concrete	-	the Ouroboros shape, refused
RevL.G3.mutual_cycle_refused	concrete	-	g3_dependency_cycle.rvl refused in both orderings
RevL.G3.layering_exists_for_admitted	concrete	-	the layering certificate is reachable, not only refutable
RevL.G4.inverse_or_emit	instance	RevL.G4.g4_shape_not_vacuous,RevL.G4Classified.g4_not_vacuous	Typed and IsMutation hold together in both conclusion branches; the raw branch closes because Typed has no constructor for it, which is why the lattice restatement carries the real refusal
RevL.G5.teardown_registers_nothing	contentless	RevL.G5.registrations_ignores_its_argument,RevL.G5Classified.registrations_depends_on_its_argument	FINDING: registrations is the constant zero function, so the conclusion holds by definition and not by any property of undo bodies. The counting statement is G5Classified's
RevL.G6.confinement	instance	RevL.G6.g6_not_vacuous,RevL.G6.g6_row_not_vacuous	TypedIn admits a statement with a non-empty reach surface and refuses the same shape reaching an undeclared key; the oracle C row's verdict flips when that undeclared head is accepted
RevL.Semantics.replays_or_discharges	instance	RevL.G7.replay_table,RevL.G7.estop_strands_the_bracket,RevL.G7.settles_iff_strands_nothing	the equivalence is computed at all six SETTLING kind and verdict points; item 443 added the settling hypothesis and the witness exhibits the E-Stop point it excludes
RevL.Semantics.phase_lengths_add	instance	RevL.G7.abort_runs_the_proof_pass_then_the_drain	a stack on which both phases are non-empty
RevL.Semantics.teardown_length	instance	RevL.G7.commit_runs_the_bracket_only,RevL.G7.abort_runs_the_proof_pass_then_the_drain	the same stack replays one entry on commit and three on abort
RevL.G7.replay_table	concrete	-	the teardown contract's replay rows, computed per kind and verdict
RevL.G7.replayed_complete	instance	RevL.G7.commit_discharge_is_not_vacuous	a registered entry that the verdict does replay
RevL.G7.teardown_replays_all	instance	RevL.G7.commit_discharge_is_not_vacuous	same, at the inverse level
RevL.G7.replayed_sound	instance	RevL.G7.abort_runs_the_proof_pass_then_the_drain	the abort replay list is non-empty, so soundness is not a claim about the empty list
RevL.G7.teardown_only_witnessed	instance	RevL.G7.abort_runs_the_proof_pass_then_the_drain	same, at the inverse level
RevL.G7.commit_discharges_transactional	necessity	RevL.G7.commit_discharge_is_not_vacuous,RevL.G7.verdict_is_load_bearing	the transactional entry is on the stack the theorem quantifies over, absent from the commit replay and present in the abort replay
RevL.G7.commit_discharges_compensation	necessity	RevL.G7.commit_runs_the_bracket_only,RevL.G7.abort_runs_the_proof_pass_then_the_drain	the compensation is registered, discharged on commit and drained on abort
RevL.G7.commit_replays_only_brackets	instance	RevL.G7.commit_runs_the_bracket_only	the commit replay is exactly the bracket inverse, on a stack carrying all three kinds
RevL.G7.abort_replays_every_transactional	instance	RevL.G7.commit_discharge_is_not_vacuous	the transactional entry really is in the abort replay
RevL.G7.bracket_replays_under_every_settling_verdict	instance	RevL.G7.commit_runs_the_bracket_only,RevL.G7.abort_runs_the_proof_pass_then_the_drain,RevL.G7.estop_strands_the_bracket,RevL.G7.bracket_replays_exactly_when_settling	the bracket inverse appears under both settling verdicts; the E-Stop witness shows the settling hypothesis is not idle, and the equation witness shows it is exactly the condition the conclusion needs
RevL.G7.teardown_eq_reversed_inverses	instance	RevL.G7.abort_runs_the_proof_pass_then_the_drain	the LIFO order is exhibited on a three-entry stack
RevL.G7.compensations_drain_after_the_proof_pass	instance	RevL.G7.abort_runs_the_proof_pass_then_the_drain	the compensation registered LAST still runs last, which a single-phase LIFO walk would not do
RevL.G7.phase1_is_lifo	instance	RevL.G7.abort_runs_the_proof_pass_then_the_drain	phase 1 is non-empty and in reverse registration order
RevL.G7.phase2_is_lifo	instance	RevL.G7.abort_runs_the_proof_pass_then_the_drain	phase 2 is non-empty on the abort
RevL.G7.commit_runs_the_bracket_only	concrete	-	computes the commit replay of a stack carrying all three entry kinds
RevL.G7.abort_runs_the_proof_pass_then_the_drain	concrete	-	computes the abort replay of the same stack, proof pass first
RevL.G7.verdict_is_load_bearing	concrete	-	the two replays of one stack differ
RevL.G7.commit_discharge_is_not_vacuous	concrete	-	the discharged entry is on the stack the discharge theorem quantifies over, and the commit discharge list is computed non-empty (length 2) so the discharged term of the three-way partition has a witness
RevL.Semantics.disposition_trichotomy	instance	RevL.G7.estop_is_load_bearing	one stack realises all three dispositions across the verdicts: replayed and discharged on abort/commit, stranded on the halt
RevL.Semantics.halted_strands_every_kind	instance	RevL.G7.estop_is_load_bearing	the halt column is exhibited on a stack carrying all three entry kinds, none of them replayed or discharged
RevL.Semantics.replayed_length	instance	RevL.G7.abort_runs_the_proof_pass_then_the_drain	a stack whose replay list is non-empty in both phases
RevL.Semantics.book_lengths_add	instance	RevL.G7.estop_is_load_bearing,RevL.G7.commit_discharge_is_not_vacuous	the partition is exhibited with a non-zero stranded term (halt, three entries) and a non-zero discharged term (commit, two entries), so neither term is dead
RevL.G7.estop_replays_nothing	instance	RevL.G7.estop_is_load_bearing	the same stack replays three inverses on abort and none on the halt, so the empty replay is a property of the verdict, not of an empty stack
RevL.G7.estop_discharges_nothing	instance	RevL.G7.estop_is_load_bearing,RevL.G7.commit_discharge_is_not_vacuous	the two entries the commit does discharge are on the stack, exhibited as a length-2 discharge list, and the halt discharges neither
RevL.G7.estop_strands_everything	instance	RevL.G7.estop_is_load_bearing	all three registered entries are on the halt inventory, and none is on the abort's
RevL.G7.estop_strands_the_bracket	concrete	-	computes the bracket row of the E-Stop column: not replayed, stranded, and the verdict does not settle
RevL.G7.halt_inventory_is_total	instance	RevL.G7.mid_abort_halt_cut_is_not_vacuous	a mid-abort cut with all three books non-empty
RevL.G7.halt_ambiguity_is_at_most_one	instance	RevL.G7.mid_abort_halt_cut_is_not_vacuous	the bound is attained: the cut really has one ambiguous entry, so the theorem is not a claim about an always-empty list
RevL.G7.halt_books_are_total	instance	RevL.G7.mid_abort_halt_cut_is_not_vacuous,RevL.G7.estop_is_load_bearing	the five books are exhibited with the cut split non-trivial on one verdict and the stranded term non-zero on the other
RevL.G7.estop_is_load_bearing	concrete	-	computes the abort and halt dispositions of one stack carrying all three entry kinds
RevL.G7.mid_abort_halt_cut_is_not_vacuous	concrete	-	computes the completed/ambiguous/unattempted split of a halt arriving one inverse into an abort
RevL.G7.settles_iff_not_halted	concrete	-	computes that the settling hypothesis excludes exactly the E-Stop verdict and no other
RevL.G7.settles_iff_strands_nothing	concrete	-	computes that a verdict settles precisely when it strands no kind, so the hypothesis is the property the dichotomy needs and not a chosen side condition
RevL.G7.settling_strands_nothing	instance	RevL.G7.estop_is_load_bearing,RevL.G7.settles_iff_not_halted,RevL.G7.settles_iff_strands_nothing	the empty inventory is exhibited on a THREE-entry stack under abort, so it is a property of the verdict and not of an empty stack
RevL.G7.bracket_replays_exactly_when_settling	concrete	-	computes the bracket row as an equation over all three verdicts, with no hypothesis to satisfy
RevL.G7.bracket_is_replayed_or_stranded	instance	RevL.G7.commit_runs_the_bracket_only,RevL.G7.estop_is_load_bearing	both branches are inhabited on one stack: the bracket is replayed under commit and stranded under the halt
RevL.G8.boundary_enumerates_emissions	instance	RevL.G8.g8_marker_level_not_vacuous	a typed body whose emission contributes a non-empty surface
RevL.G8.boundary_only_declared	instance	RevL.G8.g8_marker_level_not_vacuous,RevL.G8Classified.effect_carrying_emission_is_on_the_surface	the hypotheses are satisfiable on a non-empty surface, and the same crossing inside an effect is scored empty by definition, which is the marker-level weakness
RevL.CrossTier.cross_tier_agreement	instance	RevL.CrossTier.conformance_hypotheses_are_inhabited,RevL.CrossTier.annotation_necessary	two conformant profiles and a well-annotated map IR agreeing on a re-ordered non-empty value, and the annotation hypothesis cannot be dropped
RevL.CrossTier.six_tier_agreement	instance	RevL.CrossTier.conformance_hypotheses_are_inhabited	the same conformant pair and IR
RevL.CrossTier.annotation_necessary	concrete	-	python and typescript observe different values for a bare literal
RevL.CapCeilings.cap_order_partial	instance	RevL.CapCeilings.parameter_widening_refused	Cap is inhabited and Covers is not universal, so the order is a real order and not the total relation
RevL.CapCeilings.attenuation_monotone	instance	RevL.CapCeilings.capceilings_hypotheses_are_inhabited	a Lineage built by Lineage.spawn from a real program spawn edge, not the reflexive root
RevL.CapCeilings.lineage_ceiling_le	instance	RevL.CapCeilings.ceiling_lineage_is_inhabited	a spawn edge whose root declares calls=3 and whose child narrows to 2, so the lineage and the ceiling bound hold together
RevL.CapCeilings.spend_within_budget	instance	RevL.CapCeilings.capceilings_hypotheses_are_inhabited	Spends takes a real two-step run and refuses an overdraw
RevL.CapCeilings.budget_never_exceeds_root_ceiling	instance	RevL.CapCeilings.ceiling_lineage_is_inhabited,RevL.CapCeilings.ceiling_check_not_subsumed	the lineage, the root ceiling bound and a counter run hold at once; the ceiling check is not implied by the resource fold
RevL.CapCeilings.confinement_within_ceiling	instance	RevL.CapCeilings.capceilings_hypotheses_are_inhabited,RevL.CapCeilings.derivation_refuses_unnameable	a non-reflexive lineage, and a TypedIn statement whose derived reach is refused
RevL.CapCeilings.no_star_amplification	instance	RevL.CapCeilings.capceilings_hypotheses_are_inhabited	the lineage above, whose root holds only the star-free fs cone
RevL.CapCeilings.parameter_widening_refused	concrete	-	five points of the path order, computed
RevL.CapCeilings.ceiling_check_not_subsumed	concrete	-	a pair the resource fold admits and the ceiling check refuses
RevL.CapCeilings.derived_held_tokens_are_declared_keys	instance	RevL.CapCeilings.capceilings_hypotheses_are_inhabited,RevL.CapCeilings.same_key_different_boundary_refused,RevL.CapCeilings.same_key_undeclared_boundary_refused	NameableEmission holds of the child's whole body, on a component with a non-empty requires; the two columns the theorem states really do differ, since the bound column identifies two distinct boundaries - with their tokens declared and, in the second witness, with neither declared
RevL.CapCeilings.derived_reach_is_emit_surface	instance	RevL.CapCeilings.derivation_non_vacuous	the derived reach is non-empty on a real component shape
RevL.CapCeilings.unnameable_receiver_is_star	instance	RevL.CapCeilings.derivation_refuses_unnameable	a handle receiver that derives star, and a wiring key that resolves
RevL.CapCeilings.derived_lineage	instance	RevL.CapCeilings.capceilings_hypotheses_are_inhabited	SpawnsAdmitted, program membership and a spawn edge hold together on wProgGood
RevL.CapCeilings.derived_attenuation_monotone	instance	RevL.CapCeilings.capceilings_hypotheses_are_inhabited	the same, plus a Descends instance
RevL.CapCeilings.derived_lineage_ceiling_le	instance	RevL.CapCeilings.capceilings_hypotheses_are_inhabited,RevL.CapCeilings.ceiling_lineage_is_inhabited,RevL.CapCeilings.derived_ceiling_check_not_subsumed	the spawn hypotheses hold on wProgGood; the ceiling side condition is exhibited on the calls lineage, since the corpus fs cone declares none
RevL.CapCeilings.derived_budget_never_exceeds_root_ceiling	instance	RevL.CapCeilings.capceilings_hypotheses_are_inhabited,RevL.CapCeilings.ceiling_lineage_is_inhabited	the same pairing, with the counter run
RevL.CapCeilings.derived_confinement_within_ceiling	instance	RevL.CapCeilings.capceilings_hypotheses_are_inhabited,RevL.CapCeilings.derivation_refuses_unnameable,RevL.CapCeilings.same_key_different_boundary_refused	Resolves, the spawn edge, TypedIn and NameableEmission are all exhibited, dropping NameableEmission has a concrete price, and the key namespace clause (a) keeps is one the capability clause (b) refuses to use
RevL.CapCeilings.derived_no_star_amplification	instance	RevL.CapCeilings.capceilings_hypotheses_are_inhabited	the nameable and no-declared-star side conditions both hold on wProgGood; an undeclared boundary needs no side condition since a reserved svc: element is never star
RevL.CapCeilings.derivation_non_vacuous	concrete	-	four facts computed from component shapes, none supplied by hand
RevL.CapCeilings.same_key_different_boundary_refused	concrete	-	a parent and child spelling one requires key over two different declared boundaries: the bound column derives the same list on both sides and attenuates, the capability column refuses the edge
RevL.CapCeilings.same_key_undeclared_boundary_refused	concrete	-	the same pair with NEITHER service declaring a token, which is the spelling most of the corpus uses: the element falls back to the service rather than to the consumer's key, and the capability column refuses the edge the bound column attenuates
RevL.CapCeilings.derivation_refuses_unnameable	concrete	-	a handle emission derives star and is refused
RevL.CapCeilings.derived_ceiling_check_not_subsumed	concrete	-	both relations still load-bearing once the sets are derived
RevL.G9.origin_persists_or_is_declassified	instance	RevL.G9.g9_not_vacuous	an inhabited Flow carrying a declared origin
RevL.G9.no_authority_from_untrusted	instance	RevL.G9.g9_not_vacuous,RevL.G9.authority_refusal_is_not_universal,RevL.G9.sink_rules_are_distinct	a Flow that reaches an authority sink, a refusal that is not universal, and four sink rules that are genuinely different predicates
RevL.G9.untrusted_gains_no_authority	necessity	RevL.G9.g9_not_vacuous,RevL.G9.authority_refusal_is_not_universal	the declassifier-free flow exists and a disclosure sink admits it, so the refusal turns on the sink rule
RevL.G9.declassification_is_the_only_escape	instance	RevL.G9.g9_not_vacuous	a declassifier-free flow the model admits
RevL.G9.secret_persists	instance	RevL.G9.secret_rules_not_vacuous,RevL.G9.secret_refusal_is_load_bearing	a secret-carrying flow, and an algebra that CAN clear a secret, so the two explicit refusals are what stop it
RevL.G9.secret_confined	instance	RevL.G9.secret_rules_not_vacuous,RevL.G9.secret_refusal_is_load_bearing	the same secret-carrying flow at every sink
RevL.G9.confidential_needs_declassification	instance	RevL.G9.secret_rules_not_vacuous	an admitted endorse[confidential] downgrade reaching a disclosure sink
RevL.G9.flow_declassifiers_granted	instance	RevL.G9.g9_context_hypotheses_are_inhabited,RevL.G9.secret_rules_not_vacuous	untrustedAuthor sets noDeclassify, and a granted declassifier sits on an admitted path
RevL.G9.untrusted_author_needs_granted_declassifier	instance	RevL.G9.secret_rules_not_vacuous	the same declared endorse, admitted when granted and refused when self-minted
RevL.G9.declassifier_must_be_declared	necessity	RevL.G9.secret_refusal_is_load_bearing,RevL.G9.secret_rules_not_vacuous	the declared endorse is admitted while the undeclared one and endorse[secret] are refused
RevL.G9.taint_surface_within_declared_context	instance	RevL.G9.g9_context_hypotheses_are_inhabited	a TypedIn statement with a non-empty head list under a real capability scope
RevL.G9.no_untrusted_without_a_declared_source	instance	RevL.G9.g9_context_hypotheses_are_inhabited	the untrusted-free side condition holds of an fs scope and fails of a web scope, so it is a real condition
RevL.G9.g9_not_vacuous	concrete	-	admits the endorsed path, refuses the bare one and the foreign-origin endorse
RevL.G9.secret_rules_not_vacuous	concrete	-	confidential downgrades, secret never does, a self-minted endorse flips to refused
RevL.G9.authority_refusal_is_not_universal	concrete	-	one flow, admitted at a disclosure sink and refused at an authority sink
RevL.G9.sink_rules_are_distinct	concrete	-	the four Admits rules separated pairwise
RevL.G9.secret_refusal_is_load_bearing	concrete	-	the algebra can clear a secret, so taint.py's two refusals carry the theorem
RevL.R4.residue_is_exactly_what_remains	instance	RevL.R4.txn_run,RevL.R4.r4_side_conditions_are_inhabited	the semantics genuinely takes the run and both side conditions hold at its trace
RevL.R4.abort_leaves_no_residue	necessity	RevL.R4.txn_run,RevL.R4.r4_side_conditions_are_inhabited,RevL.R4.residue_necessary	the no-crossing hypothesis holds on one run and fails on a one-step variant whose conclusion is then false
RevL.R4.residue_complete	instance	RevL.R4.emit_run,RevL.R4.r4_side_conditions_are_inhabited	the emitting run reports a non-empty residue, so completeness is not about the empty report
RevL.R4.residue_sound	instance	RevL.R4.emit_run,RevL.R4.r4_side_conditions_are_inhabited,RevL.R4.emission_is_not_replayed	the same run, and an emission that is moved to the residue surface rather than replayed
RevL.R4.txn_run	concrete	-	the step relation takes the witnessed-only run
RevL.R4.emit_run	concrete	-	and the run that crosses the boundary
RevL.R4.residue_necessary	concrete	-	one step apart: one reverts exactly, one leaves seq 2 out and says so
RevL.R4.emission_is_not_replayed	concrete	-	an emission has no inverse and is not in the replay set
RevL.A8.revert_on_failure	instance	RevL.A8.revert_witness,RevL.A8.revert_witness_restores	the step relation takes the run and replaying its trace empties the world again
RevL.A8.trace_reads_back_as_abort	instance	RevL.A8.a8_hypotheses_are_inhabited	SemLog is inhabited by the revert trace, so this is not a claim about the empty log
RevL.A8.committed_transaction_is_retained	instance	RevL.A8.a8_hypotheses_are_inhabited,RevL.A8.commit_witness	a discharged seq exists on a real committed log
RevL.A8.commit_replays_no_inverse	instance	RevL.A8.commit_witness,RevL.A8.a8_hypotheses_are_inhabited	a concrete trace whose outcome is not rolledBack
RevL.A8.outcome_trichotomy	contentless	RevL.A8.mixed_disposition_admitted,RevL.A8.crash_cut_witness	FINDING: Outcome has three constructors, so this holds by definition. Registered so the weight of the never-a-mixed-state claim is visible; the per-seq dispositions are heterogeneous by design
RevL.A8.crash_cut_converges	instance	RevL.A8.crash_cut_witness,RevL.A8.a8_hypotheses_are_inhabited	fork-free logs that do roll forward at a cut
RevL.A8.commit_record_is_the_decision	instance	RevL.A8.crash_cut_witness	four concrete logs exercising both directions of the equivalence
RevL.A8.approved_decides_the_crash_window	instance	RevL.A8.crash_cut_witness	committedSession carries commit-approved with the terminal marker still missing
RevL.A8.fence_before_apply_at_every_cut	instance	RevL.A8.a8_hypotheses_are_inhabited	WAFrom holds of a run that really applies an undeclared inverse, so the fired hypothesis is not empty
RevL.A8.at_most_once_across_crash	instance	RevL.A8.a8_hypotheses_are_inhabited,RevL.A8.double_apply_observable	all four hypotheses hold at once on that run, and a second apply is observable
RevL.A8.declared_idempotent_replay_free	necessity	RevL.A8.double_apply_observable	replay is idempotent on the declared subset while a general second apply is observable, so the declaration is load-bearing
RevL.A8.double_apply_observable	concrete	-	a non-idempotent inverse's second apply is observable
RevL.A8.crash_cut_witness	concrete	-	four cuts at one seq: clean abort, abort-then-crash, completed abort, committed
RevL.A8.commit_witness	concrete	-	a witnessed inverse does not replay on a clean commit
RevL.A8.mixed_disposition_admitted	concrete	-	committed-and-retained beside rolled-back in one verdict
RevL.A8.revert_witness	concrete	-	the step relation genuinely takes the run
RevL.A8.revert_witness_restores	concrete	-	replaying that trace empties the world again
RevL.Lemmas.reach_mono_fuel	instance	RevL.G5Classified.fold_must_run_to_stability	fuel 0 and fuel 1 give different verdicts on the wrapped program, so monotonicity is not over a constant fold
RevL.Lemmas.reaches_le	instance	RevL.G4Classified.fn_wrapper_still_crosses	a real ReachesFrom edge through a fn wrapper
RevL.Lemmas.reach_exact	instance	RevL.G4Classified.fn_wrapper_still_crosses	the attained declaration is exhibited on that same program
RevL.Lemmas.reach_le_trans	instance	RevL.G4Classified.fn_wrapper_still_crosses	a ReachesFrom edge to compose along
RevL.Lemmas.reachCaps_sound	instance	RevL.G8Classified.witness_surface_traces_to_its_declaration	a non-empty reachCaps entry traced back to its declaration
RevL.Lemmas.reachCaps_complete	instance	RevL.G8Classified.witness_surface_traces_to_its_declaration	ReachesFrom, lookupExtern and capsOfDecl membership all hold together
RevL.G4Classified.inverse_or_emit_classified	instance	RevL.G4Classified.g4_not_vacuous,RevL.G4Classified.raw_mutation_is_representable	declOK and Mutates hold together on three admitted shapes, and the raw shape is an ordinary term rather than a missing constructor
RevL.G4Classified.program_mutations_carry_inverse_or_marker	instance	RevL.G4Classified.g4_not_vacuous	CheckerAdmits holds of goodProg and fails of rawProg and fakeProg
RevL.G4Classified.reached_crossing_is_classified	instance	RevL.G4Classified.fn_wrapper_still_crosses	a crossing reached through a fn
RevL.G4Classified.reached_crossing_carries_inverse_or_marker	instance	RevL.G4Classified.g4_not_vacuous,RevL.G4Classified.fn_wrapper_still_crosses	an admitted program together with a reach whose classification crosses
RevL.G4Classified.raw_mutation_is_representable	concrete	-	the raw shape is a term of the model
RevL.G4Classified.g4_not_vacuous	concrete	-	three shapes admitted, two refused, and the refusal is a program-level verdict
RevL.G4Classified.fn_wrapper_still_crosses	concrete	-	pure at fuel 0 and emission at fuel 1
RevL.G5Classified.registrations_seq	instance	RevL.G5Classified.registrations_counts	the count is non-zero on a real body, so additivity is not over a constant
RevL.G5Classified.registrations_zero_iff	instance	RevL.G5Classified.registrations_counts,RevL.G5Classified.registrations_depends_on_its_argument	both sides of the equivalence are exercised on concrete bodies
RevL.G5Classified.inverse_reaches_no_emission	instance	RevL.G5Classified.sneaky_undo_is_refused,RevL.G5Classified.sneaky_inverse_run_emits	CheckerAdmits holds of a program with a witnessed extern and a declared undo, and the refused inverse really does emit
RevL.G5Classified.admitted_inverse_registers_nothing	instance	RevL.G5Classified.sneaky_undo_is_refused,RevL.G5Classified.registrations_counts	the same admitted program, whose host-local inverse counts zero while the emission inverse counts one
RevL.G5Classified.admitted_inverse_body_registers_nothing	instance	RevL.G5Classified.sneaky_undo_is_refused,RevL.G5Classified.registrations_counts,RevL.G5Classified.g5_row_not_vacuous	the same, with a body whose names are reachable from the declared inverse
RevL.G5Classified.pureOnly_run	instance	RevL.G5Classified.clean_inverse_run_is_silent	a pure-only run the semantics genuinely takes
RevL.G5Classified.clean_inverse_run_logs_nothing	instance	RevL.G5Classified.clean_inverse_run_is_silent	a body with registrations zero, and a run of it
RevL.G5Classified.admitted_inverse_run_logs_nothing	instance	RevL.G5Classified.clean_inverse_run_is_silent,RevL.G5Classified.sneaky_undo_is_refused	the admitted program, its inverse, and the run
RevL.G5Classified.registrations_depends_on_its_argument	concrete	-	refutes the review's constant-function probe
RevL.G5Classified.registrations_counts	concrete	-	0 for the host-local inverse, 1 for the emission inverse and its fn-wrapped twin
RevL.G5Classified.g5_row_not_vacuous	concrete	-	registrations counts 1 for the fn-wrapped teardown and 0 once the wrapping fn stops calling the emission, so the oracle U5 row is mutation-sensitive rather than a constant zero
RevL.G5Classified.sneaky_undo_is_refused	concrete	-	clean program admitted, emission inverse and fn-wrapped inverse refused
RevL.G5Classified.fold_must_run_to_stability	concrete	-	the wrapped escape is admitted at fuel 0 and refused at fuel 1
RevL.G5Classified.sneaky_inverse_run_emits	concrete	-	the refused inverse takes an emit step and logs a one-way record
RevL.G5Classified.clean_inverse_run_is_silent	concrete	-	the admitted inverse takes a pure step and every run of it is silent
RevL.G8Classified.surface_enumerates_reached_crossings	instance	RevL.G8Classified.witness_surface_traces_to_its_declaration	every hypothesis exhibited at one declaration, with a non-empty surface
RevL.G8Classified.surface_only_declared_crossings	instance	RevL.G8Classified.g8_surface_is_not_universal,RevL.G8Classified.witness_surface_traces_to_its_declaration,RevL.G8Classified.surface_agrees_with_an_honest_marker,RevL.G8Classified.raw_leak_is_on_the_surface,RevL.G8Classified.g8_row_not_vacuous	a non-empty surface beside a non-empty body with an empty one; the marker agrees where it is honest, and a raw leak is enumerated without a typing hypothesis
RevL.G8Classified.surface_implies_crossing	instance	RevL.G8Classified.effect_carrying_emission_is_on_the_surface	a non-empty stmtSurface on a concrete statement
RevL.G8Classified.effect_carrying_emission_is_on_the_surface	concrete	-	the two models disagree in both directions on concrete statements
RevL.G8Classified.surface_agrees_with_an_honest_marker	concrete	-	where the emit marker is honest the two models agree
RevL.G8Classified.raw_leak_is_on_the_surface	concrete	-	a raw leak is enumerated without needing Typed to exclude it
RevL.G8Classified.g8_surface_is_not_universal	concrete	-	a body on the surface, and a non-empty body off it
RevL.G8Classified.g8_row_not_vacuous	concrete	-	stmtSurface is db_insert for the fn-wrapped pure statement and empty once the wrapping fn stops calling the emission, so the oracle S8 row is mutation-sensitive rather than a foregone empty
RevL.G8Classified.witness_surface_traces_to_its_declaration	concrete	-	the entry traces through a fn to the emission that owns it
RevL.G1.g1_not_vacuous	concrete	-	a component admitted under its own requires, and the same body refused under a smaller manifest
RevL.G3.g3_not_vacuous	concrete	-	a link, a layering, a dependency path with a strict rank drop, and a genuine self-path on the cyclic composition
RevL.G4.g4_shape_not_vacuous	concrete	-	both conclusion branches inhabited, and the raw shape typed out rather than refused
RevL.G5.registrations_ignores_its_argument	concrete	-	FINDING: the review's constant-function probe, proved, plus an undo body that calls an emission and still scores zero
RevL.G6.g6_not_vacuous	concrete	-	an admitted statement with a non-empty reach surface and a refused one
RevL.G6.g6_row_not_vacuous	concrete	-	the confinement check refuses leakStmt's undeclared head under the declared context and accepts it once that head is added, so the oracle C row's verdict is mutation-sensitive rather than a foregone ok
RevL.G8.g8_marker_level_not_vacuous	concrete	-	a typed body with a non-empty surface, and the effect whose surface is empty by definition
RevL.CrossTier.conformance_hypotheses_are_inhabited	concrete	-	two conformant tiers and a well-annotated map IR, agreeing on a re-ordered non-empty value
RevL.CapCeilings.capceilings_hypotheses_are_inhabited	concrete	-	a lineage built from a real spawn edge, a Descends, a Resolves, NameableEmission, and a counter run with an overdraw refused
RevL.CapCeilings.ceiling_lineage_is_inhabited	concrete	-	a spawn edge that narrows a calls ceiling from 3 to 2, built with Lineage.spawn
RevL.G9.g9_context_hypotheses_are_inhabited	concrete	-	a TypedIn crossing with a non-empty head list, an untrusted-free scope and an untrusted one
RevL.R4.r4_side_conditions_are_inhabited	concrete	-	the freshness and disjointness side conditions hold at both traces, with the emitted set empty on one and not the other
RevL.A8.a8_hypotheses_are_inhabited	concrete	-	SemLog, a fork-free log, a discharged seq, and a WAFrom run that really fires an undeclared inverse under a unique seq space
RevL.A9.a9B_iff	instance	RevL.A9.a9_not_vacuous,RevL.A9.a9_converse_not_vacuous,RevL.A9.a9_row_not_vacuous	the A9 decision the oracle prints, both directions: false on both fixtures, true on the renamed twin and on RoundRobin, and it moves with the block and with the route alone
RevL.A9.noDoubleInstallB_iff	instance	RevL.A9.a9_rules_are_distinct	the double-install decision: false on skin1 installed twice, true on the fixture
RevL.A9.installed_block_is_slot	instance	RevL.A9.a9_not_vacuous	A9OK holds of the renamed twin, whose one block is then the slot (skin1, shared)
RevL.A9.undeclared_block_is_no_slot	instance	RevL.A9.a9_not_vacuous,RevL.A9.a9_directions_are_distinct	the first fixture fails BlocksDeclared (a9_not_vacuous through a9B_iff; extraBlockS directly), and its block skin is a slot of S in no realm
RevL.A9.installed_block_uniquely_provided	instance	RevL.A9.a9_not_vacuous	the renamed twin links on its own (LinkOK [S]) and satisfies A9OK, so both hypotheses hold together
RevL.A9.installed_slots_nodup	instance	RevL.A9.a9_rules_are_distinct	NoDoubleInstall holds of the fixture (one block), and fails of the twice-installed twin
RevL.A9.a9_not_vacuous	concrete	-	the first fixture refused; the renamed twin admitted and linking; the hint's second fix admitted once the orphan is dropped and refused by the converse when taken literally
RevL.A9.a9_rules_are_distinct	concrete	-	A9OK and NoDoubleInstall separated in both directions: the double install passes A9 and fails Nodup, the fixture the reverse
RevL.A9.a9_row_not_vacuous	concrete	-	three same-manifest pairs with different verdicts (renamed block, added block, dropped route): the oracle A9 row reads the PB and PR facts, not the C fact
RevL.A9.blocksDeclaredB_iff	instance	RevL.A9.a9_directions_are_distinct	direction 1's decider: true on halfDeclaredS, false on extraBlockS
RevL.A9.declaredInstalledB_iff	instance	RevL.A9.a9_directions_are_distinct	direction 2's decider: false on halfDeclaredS, true on extraBlockS
RevL.A9.declared_uninstalled_refused	necessity	RevL.A9.a9_converse_not_vacuous,RevL.A9.a9_not_vacuous	the three hypotheses hold together on the second fixture (skin declared, no block, no route), and the refusal is not universal: the renamed twin and RoundRobin are admitted
RevL.A9.unrouted_needs_a_block	instance	RevL.A9.a9_not_vacuous	the renamed twin has no route and satisfies A9OK, so both hypotheses hold and its one declared key has a block
RevL.A9.routed_installs_without_block	instance	RevL.A9.a9_converse_not_vacuous	RoundRobin: no block, every declared key routed, admitted
RevL.A9.a9_converse_not_vacuous	concrete	-	the second fixture refused, RoundRobin admitted with no block, a backend with a block admitted
RevL.A9.a9_directions_are_distinct	concrete	-	the two directions separated: halfDeclaredS passes 1 and fails 2, extraBlockS fails 1 and passes 2
RevL.A2.a2Fold_iff	instance	RevL.A2.a2_not_vacuous,RevL.A2.fixture_refused	both sides inhabited: the fold from a clear flag accepts okBody and A2OK holds of it; the fixture is refused by the fold and by the rule
RevL.A2.a2B_iff	instance	RevL.A2.a2_not_vacuous,RevL.A2.fixture_refused	a2B decides true on okBody (which satisfies A2OK) and false on the fixture, so the printed A2 verdict is mutation-sensitive
RevL.A2.labels_distinct	necessity	RevL.A2.a2_not_vacuous	the two labels are different Expr literals; both are exhibited on the stack of okBody
RevL.A2.stack_all_brackets	instance	RevL.A2.a2_not_vacuous	the stack of okBody is [release, withdrawal], two brackets
RevL.A2.phase1_of_brackets	instance	RevL.A2.a2_not_vacuous	the all-bracket hypothesis holds of okBody's stack and the settling one of commit and abort; the halted pass is empty, so settling is load-bearing
RevL.A2.stack_of_no_acquire	instance	RevL.A2.a2_not_vacuous	a body of provisions only is [provide]'s suffix of okBody; the hypothesis is not the empty body's alone
RevL.A2.stack_shape	instance	RevL.A2.a2_not_vacuous	A2OK holds of okBody and its stack is one release then one withdrawal, both counts 1
RevL.A2.proof_pass_is_withdrawals_then_releases	instance	RevL.A2.a2_not_vacuous,RevL.A2.fixture_opens_the_window	A2OK and settles hold together on okBody under commit and abort, where the pass is [withdrawal, release]; the fixture shows the A2OK hypothesis excludes a real body
RevL.A2.withdrawals_precede_releases	instance	RevL.A2.a2_not_vacuous,RevL.A2.fixture_opens_the_window	the same instance; the fixture's pass violates the conclusion, so the ordering claim is not true of every body
RevL.A2.teardown_labels	instance	RevL.A2.a2_not_vacuous	okBody's commit teardown is the two labels in that order, and the halted teardown is empty
RevL.A2.fixture_refused	concrete	-	the fold refuses [acquire, provide, acquire], the shape of a2_acquire_after_provide.rvl
RevL.A2.fixture_release_before_withdrawal	concrete	-	the fixture's proof pass under commit and abort runs a release before the withdrawal: the window docs/rejections.md#a2 describes
RevL.A2.fixture_opens_the_window	necessity	RevL.A2.fixture_release_before_withdrawal,RevL.A2.a2_not_vacuous	the refused pass is computed, and the refusal is not universal: okBody's pass satisfies the ordering claim
RevL.A2.a2_not_vacuous	concrete	-	okBody = [acquire, provide]: admitted by the fold and the rule, stack [release, withdrawal], commit and abort passes [withdrawal, release], halted pass empty
RevL.G4Deferred.legalB_iff	instance	RevL.G4Deferred.deferred_not_vacuous,RevL.G4Deferred.fixtures_decided	legalB decides true on a component call (Legal) and false on a fn-body call and a component value, so the per-reach verdict is mutation-sensitive
RevL.G4Deferred.deferredB_iff	instance	RevL.G4Deferred.deferred_not_vacuous,RevL.G4Deferred.fixtures_decided	deferredB is true on okEmitStep (which satisfies DeferredOK) and false on callInFn, arrowInFn and valueInComponent, so the printed DF verdict is mutation-sensitive
RevL.G4Deferred.value_never_legal	necessity	RevL.G4Deferred.deferred_not_vacuous	a value reach is refused in every scope; the refusal is not universal, since a component call is admitted
RevL.G4Deferred.body_reach_refused	necessity	RevL.G4Deferred.deferred_not_vacuous	a fn or test reach is refused at every position; the component call in okEmitStep is admitted, so the refusal is scoped
RevL.G4Deferred.refused_of_mem	instance	RevL.G4Deferred.deferred_not_vacuous	callInFn holds the illegal fn call beside a legal component call, and is refused
RevL.G4Deferred.fixtures_decided	concrete	-	the four tests/fixtures/deferred_reach shapes: ok_emit_step admitted; a call in a fn body, a call in an arrow there, and a component value refused
RevL.G4Deferred.deferred_not_vacuous	concrete	-	okEmitStep is admitted by the rule, callInFn and valueInComponent refused
RevL.G4Approval.coversB_iff	instance	RevL.G4Approval.approval_not_vacuous	the coverage decider: true on the exact and the glob scope over production.payment, false on staging.*
RevL.G4Approval.edgeCoversB_iff	instance	RevL.G4Approval.approval_not_vacuous	the edge decider: false on no edge (scopedNoEdge), true on a covering edge (scopedExactEdge)
RevL.G4Approval.crossingB_iff	instance	RevL.G4Approval.approval_not_vacuous,RevL.G4Approval.approval_row_not_vacuous	the per-crossing decision the oracle prints: false on the scoped-extern and other-edge fixtures, true on their covered twins
RevL.G4Approval.no_edge_iff_nothing_required	instance	RevL.G4Approval.approval_not_vacuous	both sides inhabited with no edge: scopedNoEdge reaches a required token and is refused, unrequiredHead reaches none and is admitted
RevL.G4Approval.uncovered_required_refused	necessity	RevL.G4Approval.approval_not_vacuous	the three hypotheses hold together on otherEdgeCompensation (pay required, edge mail); with a covering edge instead (scopedExactEdge) the crossing is admitted
RevL.G4Approval.unrequired_needs_no_edge	instance	RevL.G4Approval.approval_not_vacuous	unrequiredHead: notify reaches no required token and is admitted with no edge
RevL.G4Approval.covering_edge_admits	instance	RevL.G4Approval.approval_not_vacuous	scopedGlobEdge: production.* covers production.payment, the one required token reached
RevL.G4Approval.globMatch_star_any	instance	RevL.G4Approval.approval_not_vacuous	the trailing star the glob fixture's scope ends in; scopedWrongGlob shows a star does not cover a different prefix
RevL.G4Approval.approval_not_vacuous	concrete	-	the scoped-extern fixture refused and admitted under the exact and the glob edge, refused under another glob; the other-edge fixture's head admitted and compensation refused; an unrequired head admitted with no edge
RevL.G4Approval.approval_row_not_vacuous	concrete	-	the verdict moves with the edge alone, the required set alone and the token alone: the AE, AR and AX rows are each load-bearing
RevL.G6Binding.okB_iff	instance	RevL.G6Binding.binding_not_vacuous,RevL.G6Binding.fixtures_decided	okB decides false on the shadowing method (shadowSeed) and on letThenFor, true on siblingArms and on the unseeded binding, so the frame walk is mutation-sensitive
RevL.G6Binding.bindingB_iff	instance	RevL.G6Binding.binding_not_vacuous,RevL.G6Binding.fixtures_decided	bindingB is false on the corpus shape and true on its twin without the colliding seed name, so the printed BU verdict is mutation-sensitive
RevL.G6Binding.visibleB_iff	instance	RevL.G6Binding.binding_not_vacuous	visibleB is true for store against shadowSeed and false for store against the seed [key], both reached in binding_not_vacuous
RevL.G6Binding.seed_rebind_refused	necessity	RevL.G6Binding.binding_not_vacuous	a seeded name is refused; the same bind is admitted under a seed without it, so the refusal is not universal
RevL.G6Binding.rebind_refused	necessity	RevL.G6Binding.binding_not_vacuous	two binds of one name in a row are refused; a single bind is admitted (the unseeded twin), so the refusal is not universal
RevL.G6Binding.inner_shadow_refused	necessity	RevL.G6Binding.binding_not_vacuous,RevL.G6Binding.fixtures_decided	an outer name rebound inside a block is refused; sibling blocks reusing a name are admitted (siblingArms), so the refusal is scoped
RevL.G6Binding.fixtures_decided	concrete	-	the corpus shape refused and its unseeded twin admitted; sibling arms admitted; a let then a for binder of the same name refused
RevL.G6Binding.binding_not_vacuous	concrete	-	shadowSeed refused, the unseeded twin and siblingArms admitted by the rule
RevL.G1Access.accessB_iff	instance	RevL.G1Access.g1_access_not_vacuous,RevL.G1Access.fixtures_decided	accessB is false on Logger's undeclared db and true once db is declared, so the printed G1 verdict is mutation-sensitive
RevL.G1Access.undeclared_refused	necessity	RevL.G1Access.g1_access_not_vacuous	one undeclared root refuses; the same root declared is admitted, so the refusal is not universal
RevL.G1Access.access_mono	instance	RevL.G1Access.g1_access_not_vacuous	AccessOK [db] [db] holds and widening the requirements keeps it
RevL.G1Access.declaring_admits	instance	RevL.G1Access.g1_access_not_vacuous	Logger is refused with no requirements and admitted once db is declared
RevL.G1Access.fixtures_decided	concrete	-	g1_undeclared_access's Logger refused, admitted with db declared; a declared store admitted, refused against a db-only declaration
RevL.G1Access.g1_access_not_vacuous	concrete	-	the undeclared access refused and the declared one admitted by the rule
RevL.A1Async.reachB_iff	instance	RevL.A1Async.a1_not_vacuous,RevL.A1Async.fixtures_decided	reachB is true on open_conn (through the fn graph to ho) and false on W.cool, so the reach decider is mutation-sensitive
RevL.A1Async.reach_mono	instance	RevL.A1Async.a1_not_vacuous	open_conn reaches async within 2 steps, and so within 3
RevL.A1Async.reaches_iff	instance	RevL.A1Async.a1_not_vacuous	a site's heads reach async exactly when one head does: open_conn does, W.cool does not
RevL.A1Async.siteB_iff	instance	RevL.A1Async.a1_not_vacuous,RevL.A1Async.fixtures_decided	siteB is true on the awaited acquisition and the synchronous undo, false on the unawaited acquisition and the suspending undo, so the printed A1 verdict is mutation-sensitive
RevL.A1Async.teardown_suspension_refused	necessity	RevL.A1Async.a1_not_vacuous	an undo reaching W.heat is refused; an undo reaching W.cool is admitted, so the refusal is not universal
RevL.A1Async.await_without_async_refused	necessity	RevL.A1Async.fixtures_decided	an await emit of the sync Log.note is refused; the awaited open_conn acquisition is admitted
RevL.A1Async.await_pairing_exact	instance	RevL.A1Async.a1_not_vacuous	open_conn is admitted awaited and refused unawaited, the pairing the theorem states
RevL.A1Async.sigB_iff	instance	RevL.A1Async.fixtures_decided	sigB is false on a sync implementation of an async declaration and true when the colours agree
RevL.A1Async.fixtures_decided	concrete	-	the undo, effect, sync-method, emit and signature shapes of the A1 fixtures decided both ways
RevL.A1Async.a1_not_vacuous	concrete	-	the reach through a fn, the awaited acquisition admitted, its unawaited twin and the suspending undo refused, the synchronous undo admitted
RevL.Prelude.preludeB_iff	instance	RevL.Prelude.prelude_rules_not_vacuous,RevL.Prelude.fixtures_decided	preludeB is false on an action then a prelude and true on a prelude then an action, so the printed PL verdict is mutation-sensitive
RevL.Prelude.prelude_after_action_refused	necessity	RevL.Prelude.prelude_rules_not_vacuous	a prelude after an action is refused; the prelude-first order is admitted, so the refusal is not universal
RevL.Prelude.preludes_first_admitted	instance	RevL.Prelude.prelude_rules_not_vacuous	[prelude, action] is admitted, the n = 1 instance
RevL.Prelude.interceptB_iff	instance	RevL.Prelude.prelude_rules_not_vacuous,RevL.Prelude.fixtures_decided	interceptB is false on an intercept of the provision kv and true when kv is required instead
RevL.Prelude.intercept_provision_refused	necessity	RevL.Prelude.prelude_rules_not_vacuous	intercepting a pure provision is refused; intercepting a requirement is admitted
RevL.Prelude.methodB_iff	instance	RevL.Prelude.prelude_rules_not_vacuous,RevL.Prelude.fixtures_decided	methodB is false on Database.execute and true on Database.query against a query-only table
RevL.Prelude.undeclared_method_refused	necessity	RevL.Prelude.prelude_rules_not_vacuous	an undeclared operation is refused; a declared one is admitted
RevL.Prelude.fixtures_decided	concrete	-	the three corpus shapes refused and their twins admitted
RevL.Prelude.prelude_rules_not_vacuous	concrete	-	each rule refuses its corpus shape and admits the twin
RevL.ModelPlace.placeB_iff	instance	RevL.ModelPlace.placement_not_vacuous,RevL.ModelPlace.fixtures_decided	placeB is false on confidential -> an off-device role and true on confidential -> an on-device role, so the printed MPV verdict is mutation-sensitive
RevL.ModelPlace.off_device_refused	necessity	RevL.ModelPlace.placement_not_vacuous	a confidential origin off the device is refused; on the device it is admitted, so the refusal is not universal
RevL.ModelPlace.open_origin_anywhere	instance	RevL.ModelPlace.placement_not_vacuous	the open origin * placed off the device is admitted
RevL.ModelPlace.on_device_admitted	instance	RevL.ModelPlace.placement_not_vacuous	confidential placed on the device is admitted
RevL.ModelPlace.fixtures_decided	concrete	-	the role and council placements of the two fixtures refused; on-device and open-origin twins admitted
RevL.ModelPlace.placement_not_vacuous	concrete	-	the off-device placement refused, the on-device one and an open origin off the device admitted
RevL.ModelCouncil.splitB_iff	instance	RevL.ModelCouncil.council_not_vacuous,RevL.ModelCouncil.fixtures_decided	splitB is false on on_tie allow and true on on_tie split and on_tie deny, so the printed CTV verdict is mutation-sensitive
RevL.ModelCouncil.admitting_refused	necessity	RevL.ModelCouncil.council_not_vacuous	an admitting tie is refused; on_tie split (the default) is admitted, so the refusal is not universal
RevL.ModelCouncil.split_admitted	instance	RevL.ModelCouncil.council_not_vacuous	on_tie split is admitted, the default the exporter resolves an omitted clause to
RevL.ModelCouncil.deny_admitted	instance	RevL.ModelCouncil.council_not_vacuous	on_tie deny is admitted, so the rule narrows the tie policy without banning it
RevL.ModelCouncil.unknown_tie_not_this_row	instance	RevL.ModelCouncil.council_not_vacuous	a tie spelling outside both vocabularies is admitted by this row; the unknown-tie rule is what refuses it
RevL.ModelCouncil.fixtures_decided	concrete	-	the gcouncilsplit fixture refused; the on_tie split and on_tie deny shapes admitted
RevL.ModelCouncil.council_not_vacuous	concrete	-	the admitting tie refused, on_tie split and on_tie deny admitted
RevL.G9Flow.admitsB_iff	instance	RevL.G9Flow.g9_not_vacuous,RevL.G9Flow.corpus_rows_decided	admitsB decides Admits at all four sink classes; the corpus authority and disclosure shapes land in the two classes the rule states
RevL.G9Flow.g9RowB_iff	instance	RevL.G9Flow.g9_not_vacuous,RevL.G9Flow.corpus_rows_decided,RevL.G9Flow.labelOfString_is_the_label	g9RowB decides Admits directly, so the printed TAINT verdict is `ok` exactly where the rule holds and `fail` where it is violated; both corpus shapes print fail and their clean twins print ok, and the verdict is read off the origins column the label row fixes
RevL.G9Flow.reported_walk_reaches_the_reported_label	instance	RevL.G9Flow.g9_not_vacuous,RevL.G9Flow.escape_moves_the_label	the reported label is reachable from the empty label by the reported step count, at every count, so the hop column cannot move the verdict; the escape witness shows a label that does move it
RevL.G9Flow.escapeFlow	instance	RevL.G9Flow.escape_moves_the_label	a DeclassOK declassifier can be appended to the reported walk and lands on applyD of the entry label, which is what the row's "route it through a declared point" advice claims
RevL.G9Flow.labelOfString_is_the_label	concrete	-	the origins column read as a label: the empty string is the empty label, the corpus labels are the origins their names denote, an unknown name is none
RevL.G9Flow.corpus_rows_decided	concrete	-	the two corpus sink and label shapes refused, the same two sinks on a clean label admitted
RevL.G9Flow.escape_moves_the_label	concrete	-	endorse[fs] on an fs label leaves the empty label, which the authority sink admits where it refused the original
RevL.G9Flow.g9_not_vacuous	concrete	-	both corpus sink kinds refused and both clean twins admitted, so the TAINT row is mutation-sensitive in both directions
RevL.GRetain.holdsB_iff	instance	RevL.GRetain.retain_not_vacuous,RevL.GRetain.corpus_row_decided	holdsB decides the rule at both polarities and at the boundary: the corpus row's own deadline with an instant past it (false), AT it (true) and before it (true), plus the hold branch, so neither `>` nor `>=` could be substituted for the checker's strict `as_of > until` without failing here
RevL.GRetain.rowB_iff	instance	RevL.GRetain.retain_not_vacuous,RevL.GRetain.corpus_row_decided,RevL.GRetain.corpus_sink_scope_is_modelled,RevL.GRetain.unmodelled_sink_scope_has_no_sink	rowB decides the rule directly, so the printed RETAIN verdict is `ok` exactly where the rule holds and `fail` where it is violated; the corpus row is refused at the checker's instant and admitted at the deadline and before it, and the two scope witnesses fix both directions of the modelled-scope hypothesis (the corpus `db` yields a sink; a scope outside the ten yields none and so no row at all)
RevL.GRetain.hold_clears_the_deadline	instance	RevL.GRetain.retain_not_vacuous	a declared hold makes the row hold at every instant, which is the escape the checker's own hint names; the corpus row without it is refused at the same instant, so the escape is not the default
RevL.GRetain.reaches_iff	instance	RevL.GRetain.retain_not_vacuous,RevL.GRetain.corpus_walk_does_not_reach_another_sink	reaches decides the row's walk premise: the chain the checker reported does end at the sink it named, and does not end at a sink it did not name, so the `path` column can move the verdict rather than decorate it
RevL.GRetain.corpus_sink_scope_is_modelled	concrete	-	the corpus scope `db` is in the row's table, so the exporter emits a row for the corpus refusal
RevL.GRetain.unmodelled_sink_scope_has_no_sink	concrete	-	a scope outside the checker's ten yields none, so no row is emitted and the refusal lands in the fatal `missed-G-RETAIN` rather than in an agreement
RevL.GRetain.corpus_walk_does_not_reach_another_sink	concrete	-	the corpus chain `load() -> db_put` does not reach `fs_put`, so the walk premise is mutation-sensitive
RevL.GRetain.corpus_row_decided	concrete	-	the corpus row refused at the checker's instant and admitted AT the deadline and a year before it, with the `until` column the same in all three
RevL.GRetain.retain_not_vacuous	concrete	-	the corpus row's own columns decided at four instants — refused past the deadline, admitted at it, admitted before it, admitted under a hold — so the RETAIN row is mutation-sensitive in every direction and a row that ignored `now` fails here
RevL.G4Inverse.rowB_iff	instance	RevL.G4Inverse.g4_inverse_not_vacuous,RevL.G4Inverse.corpus_rows_refused,RevL.G4Inverse.corpus_rows_flip_at_the_demanded_spelling	rowB decides the rule directly, so the printed INV verdict is `ok` exactly where the rule holds and `fail` where it is violated; the four corpus rows are refused at the site the checker reported and admitted at the spelling it demanded, and the two off-the-table directions show the lookup is not decorative
RevL.G4Inverse.requiredInverse_none_off_the_tables	instance	RevL.G4Inverse.unmodelled_acquisition_has_no_inverse,RevL.G4Inverse.extern_arm_never_falls_off_a_table	the `none` direction is satisfiable on both table arms (`Log.open` off the host table, `Map.get` off the write table) and unreachable on the extern arm, so the row cannot pass by looking away while the extern arm cannot be skipped by falling to `none`
RevL.G4Inverse.extern_arm_is_the_declared_inverse	instance	RevL.G4Inverse.corpus_row_verbs_are_the_tables	the corpus extern acquisition `log_open` with the declared verb `log_close` satisfies the hypothesis, and the same lemma holds at EVERY acquisition and verb, which is the honest reading of `lower._check_extern_release`: `inv` comes from `env.extern_inverse`, the declaration, not from a table
RevL.G4Inverse.extern_arm_never_falls_off_a_table	instance	RevL.G4Inverse.unmodelled_acquisition_has_no_inverse	stated at an acquisition that IS off both tables (`Log.open`/`Map.get` would be `none` on the host and write arms), so the hypothesis is satisfied by a case the other two arms refuse: the extern arm's requirement is always `some`
RevL.G4Inverse.host_release_table	concrete	-	the checker's `_HOST_ACQUIRE_VERBS`, all three entries: `Map.new` -> `drop`, `Pool.open` -> `close`, `Stream.source` -> `close`
RevL.G4Inverse.write_inverse_table	concrete	-	the checker's `_HOST_WRITE_INVERSE`, all three entries: `Map.insert` -> `remove`, `Map.insert_if_absent` -> `remove`, `Map.remove` -> `insert`
RevL.G4Inverse.kindOfString_is_the_kind	concrete	-	the exporter's three arm names are the three the row carries, so the arm column cannot silently miss an arm and leave the row undecided
RevL.G4Inverse.unmodelled_acquisition_has_no_inverse	concrete	-	`Log.open` is off the host release table and `Map.get` off the write inverse table, so a checker that began refusing under a family or a write outside these tables yields NO row and the refusal lands in the fatal `missed-G4` rather than in an agreement
RevL.G4Inverse.corpus_rows_refused	concrete	-	the four corpus documents' own columns — the extern declaration's inverse against `log_flush()`, the host family's release against `store.get("x")`, and `Map.insert`'s inverse against two wrong-key sites — all decided `false`
RevL.G4Inverse.corpus_rows_flip_at_the_demanded_spelling	instance	RevL.G4Inverse.corpus_rows_refused,RevL.G4Inverse.g4_inverse_not_vacuous	the hypothesis is the refusal itself: each of the four rows is `false` at the reported site and `true` at the demanded spelling with nothing but the `site` column moved, so the verdict is about the site rather than a constant
RevL.G4Inverse.corpus_host_row_flips_when_the_demand_leaves_the_table	instance	RevL.G4Inverse.host_release_table,RevL.G4Inverse.g4_inverse_not_vacuous	a demand whose verb has left `hostRelease` (`close` for `Map.new`) is refused even at its own spelling, so the hypothesis `hostRelease acq = some verb` is not automatic — it is the fact the table fixes
RevL.G4Inverse.corpus_write_row_flips_when_the_receiver_moves	instance	RevL.G4Inverse.write_inverse_table,RevL.G4Inverse.g4_inverse_not_vacuous	the demanded verb and key on a SIBLING handle is refused, so the hypothesis `site = inv` carries issue #1859's "on THAT handle" through the spelling rather than through a verb-and-key comparison
RevL.G4Inverse.corpus_row_verbs_are_the_tables	instance	RevL.G4Inverse.host_release_table,RevL.G4Inverse.write_inverse_table,RevL.G4Inverse.extern_arm_is_the_declared_inverse,RevL.G4Inverse.kindOfString_is_the_kind	the hypothesis `requiredInverse kind acq verb = some verb` holds at all three arms on the corpus acquisitions, so the row's premise is jointly satisfiable at each arm and the verb compared against is the table's (or the declaration's); the three arms are exactly the three names the exporter carries, so the arm column the premise is stated over cannot silently miss one
RevL.G4Inverse.g4_inverse_not_vacuous	concrete	-	the four corpus shapes refused at the site the checker reported and admitted at the spelling it demanded, plus a demand off `hostRelease` and a sibling receiver: the INV row is mutation-sensitive to the site, its receiver, its key and the tables
RevL.G4Witnessed.legalB_iff	instance	RevL.G4Witnessed.witnessed_site_undo_not_vacuous,RevL.G4Witnessed.corpus_sites_decided	legalB decides the rule at both polarities and at the boundary of the undo column: a witnessed head spelling an undo is false, with no undo true, and any other classification true, so neither disjunct of the rule can be dropped
RevL.G4Witnessed.swB_iff	instance	RevL.G4Witnessed.witnessed_site_undo_not_vacuous,RevL.G4Witnessed.corpus_sites_decided,RevL.G4Witnessed.corpus_flip_is_the_undo_column	swB is the per-file verdict the oracle prints, so the printed SW verdict is `ok` exactly where the rule holds and `fail` where it is violated; the corpus shapes give both polarities and the flip shows the difference is the undo column
RevL.G4Witnessed.legalCols_iff	instance	RevL.G4Witnessed.witnessed_site_undo_not_vacuous,RevL.G4Witnessed.corpus_columns_decided	legalCols decides the rule at the row's own columns, and a classification the model does not name is false rather than vacuously true, so a row the model cannot read is refused rather than agreed with
RevL.G4Witnessed.unmodelled_classification_is_refused	instance	RevL.G4Witnessed.witnessed_site_undo_not_vacuous	an unreadable classification is refused both with and without a site undo, so the fail-safe cannot be mistaken for the admitted twin's `ok`
RevL.G4Witnessed.other_head_never_refused	necessity	RevL.G4Witnessed.witnessed_site_undo_not_vacuous,RevL.G4Witnessed.corpus_flip_is_the_undo_column	a non-witnessed head is admitted whatever its site spells, so the corpus refusal is scoped to the classification and not to the mere presence of an undo; the corpus's own emission column shows the same undo admitted off `witnessed`
RevL.G4Witnessed.witnessed_undo_refused	necessity	RevL.G4Witnessed.witnessed_site_undo_not_vacuous	a witnessed head with any non-empty site undo is refused, whatever the head is named and whatever the undo reaches; the admitted twin shows the refusal is not universal over witnessed sites
RevL.G4Witnessed.refused_of_mem	instance	RevL.G4Witnessed.witnessed_site_undo_not_vacuous	one illegal site refuses the whole file wherever it sits in the list, which is what makes the per-file SW verdict sensitive to a single site rather than to the file's shape
RevL.G4Witnessed.corpus_columns_decided	concrete	-	the corpus columns: witnessed+unput refused, witnessed+no-undo admitted, emission+unput admitted
RevL.G4Witnessed.corpus_sites_decided	concrete	-	the corpus file shapes: both refused files' sites false, the admitted twin and the verified witnessed method true
RevL.G4Witnessed.corpus_flip_is_the_undo_column	concrete	-	the refused and admitted corpus shapes share head and classification and differ only in the undo column, so no witnessed extern is refused for being witnessed
RevL.G4Witnessed.witnessed_site_undo_not_vacuous	concrete	-	the corpus's own columns decided at four polarities and the refused shape ADMITTED under each of the two mutations (undo emptied, classification moved off witnessed), so the SW row is mutation-sensitive in every direction and a row that returned a constant fails here
